# YYYYMMDD = Date (YYYY=year MM=month DD=day); 
# FG       = Daily mean windspeed (in 0.1 m/s); 
# FHX      = Maximum hourly mean windspeed (in 0.1 m/s); 
# FXX      = Maximum wind gust (in 0.1 m/s); 
# TG       = Daily mean temperature in (0.1 degrees Celsius); 
# TN       = Minimum temperature (in 0.1 degrees Celsius); 
# TX       = Maximum temperature (in 0.1 degrees Celsius); 
# T10N     = Minimum temperature at 10 cm above surface (in 0.1 degrees Celsius); 
# SQ       = Sunshine duration (in 0.1 hour) calculated from global radiation (-1 for <0.05 hour); 
# Q        = Global radiation (in J/cm2); 
# DR       = Precipitation duration (in 0.1 hour); 
# RH       = Daily precipitation amount (in 0.1 mm) (-1 for <0.05 mm); 
# PG       = Daily mean sea level pressure (in 0.1 hPa) calculated from 24 hourly values; 
# UG       = Daily mean relative atmospheric humidity (in percents); 
# UX       = Maximum relative atmospheric humidity (in percents); 
# UN       = Minimum relative atmospheric humidity (in percents); 
